file,present
/Users/amy/Desktop/new_soundhub/audio/bullfrog/data/neg/bullfrog-neg-t-11113588_486.wav,False
/Users/amy/Desktop/new_soundhub/audio/bullfrog/data/neg/bullfrog-neg-t-11113588_528.wav,False
/Users/amy/Desktop/new_soundhub/audio/bullfrog/data/neg/bullfrog-neg-t-11113588_539.wav,False
/Users/amy/Desktop/new_soundhub/audio/bullfrog/data/neg/bullfrog-neg-t-11113588_459.wav,False
/Users/amy/Desktop/new_soundhub/audio/bullfrog/data/neg/bullfrog-neg-t-11113588_258.wav,False
/Users/amy/Desktop/new_soundhub/audio/bullfrog/data/neg/bullfrog-neg-t-11113588_115.wav,False
/Users/amy/Desktop/new_soundhub/audio/bullfrog/data/neg/bullfrog-neg-t-11113588_404.wav,False
/Users/amy/Desktop/new_soundhub/audio/bullfrog/data/neg/bullfrog-neg-t-11113588_578.wav,False
/Users/amy/Desktop/new_soundhub/audio/bullfrog/data/neg/bullfrog-neg-t-11113588_93.wav,False
/Users/amy/Desktop/new_soundhub/audio/bullfrog/data/neg/bullfrog-neg-t-11113588_102.wav,False
/Users/amy/Desktop/new_soundhub/audio/bullfrog/data/neg/bullfrog-neg-t-11113588_10.wav,False
/Users/amy/Desktop/new_soundhub/audio/bullfrog/data/neg/bullfrog-neg-t-11113588_409.wav,False
/Users/amy/Desktop/new_soundhub/audio/bullfrog/data/neg/bullfrog-neg-t-11113588_531.wav,False
/Users/amy/Desktop/new_soundhub/audio/bullfrog/data/neg/bullfrog-neg-t-11113588_120.wav,False
/Users/amy/Desktop/new_soundhub/audio/bullfrog/data/neg/bullfrog-neg-t-11113588_7.wav,False
/Users/amy/Desktop/new_soundhub/audio/bullfrog/data/neg/bullfrog-neg-t-11113588_492.wav,False
/Users/amy/Desktop/new_soundhub/audio/bullfrog/data/neg/bullfrog-neg-t-11113588_475.wav,False
/Users/amy/Desktop/new_soundhub/audio/bullfrog/data/neg/bullfrog-neg-t-11113588_795.wav,False
/Users/amy/Desktop/new_soundhub/audio/bullfrog/data/neg/bullfrog-neg-t-11113588_26.wav,False
/Users/amy/Desktop/new_soundhub/audio/bullfrog/data/neg/bullfrog-neg-t-11113588_804.wav,False
/Users/amy/Desktop/new_soundhub/audio/bullfrog/data/neg/bullfrog-neg-t-11113588_577.wav,False
/Users/amy/Desktop/new_soundhub/audio/bullfrog/data/neg/bullfrog-neg-t-11113588_439.wav,False
/Users/amy/Desktop/new_soundhub/audio/bullfrog/data/neg/bullfrog-neg-t-11113588_556.wav,False
/Users/amy/Desktop/new_soundhub/audio/bullfrog/data/neg/bullfrog-neg-t-11113588_802.wav,False
/Users/amy/Desktop/new_soundhub/audio/bullfrog/data/neg/bullfrog-neg-t-11113588_38.wav,False
/Users/amy/Desktop/new_soundhub/audio/bullfrog/data/neg/bullfrog-neg-t-11113588_394.wav,False
/Users/amy/Desktop/new_soundhub/audio/bullfrog/data/neg/bullfrog-neg-t-11113588_771.wav,False
/Users/amy/Desktop/new_soundhub/audio/bullfrog/data/neg/bullfrog-neg-t-11113588_103.wav,False
/Users/amy/Desktop/new_soundhub/audio/bullfrog/data/neg/bullfrog-neg-t-11113588_447.wav,False
/Users/amy/Desktop/new_soundhub/audio/bullfrog/data/neg/bullfrog-neg-t-11113588_92.wav,False
/Users/amy/Desktop/new_soundhub/audio/bullfrog/data/neg/bullfrog-neg-t-11113588_28.wav,False
/Users/amy/Desktop/new_soundhub/audio/bullfrog/data/neg/bullfrog-neg-t-11113588_99.wav,False
/Users/amy/Desktop/new_soundhub/audio/bullfrog/data/neg/bullfrog-neg-t-11113588_777.wav,False
/Users/amy/Desktop/new_soundhub/audio/bullfrog/data/neg/bullfrog-neg-t-11113588_132.wav,False
/Users/amy/Desktop/new_soundhub/audio/bullfrog/data/neg/bullfrog-neg-t-11113588_558.wav,False
/Users/amy/Desktop/new_soundhub/audio/bullfrog/data/neg/bullfrog-neg-t-11113588_571.wav,False
/Users/amy/Desktop/new_soundhub/audio/bullfrog/data/neg/bullfrog-neg-t-11113588_75.wav,False
/Users/amy/Desktop/new_soundhub/audio/bullfrog/data/neg/bullfrog-neg-t-11113588_104.wav,False
/Users/amy/Desktop/new_soundhub/audio/bullfrog/data/neg/bullfrog-neg-t-11113588_778.wav,False
/Users/amy/Desktop/new_soundhub/audio/bullfrog/data/neg/bullfrog-neg-t-11113588_406.wav,False
/Users/amy/Desktop/new_soundhub/audio/bullfrog/data/neg/bullfrog-neg-t-11113588_472.wav,False
/Users/amy/Desktop/new_soundhub/audio/bullfrog/data/neg/bullfrog-neg-t-11113588_516.wav,False
/Users/amy/Desktop/new_soundhub/audio/bullfrog/data/neg/bullfrog-neg-t-11113588_790.wav,False
/Users/amy/Desktop/new_soundhub/audio/bullfrog/data/neg/bullfrog-neg-t-11113588_457.wav,False
/Users/amy/Desktop/new_soundhub/audio/bullfrog/data/neg/bullfrog-neg-t-11113588_530.wav,False
/Users/amy/Desktop/new_soundhub/audio/bullfrog/data/neg/bullfrog-neg-t-11113588_787.wav,False
/Users/amy/Desktop/new_soundhub/audio/bullfrog/data/neg/bullfrog-neg-t-11113588_455.wav,False
/Users/amy/Desktop/new_soundhub/audio/bullfrog/data/neg/bullfrog-neg-t-11113588_501.wav,False
/Users/amy/Desktop/new_soundhub/audio/bullfrog/data/neg/bullfrog-neg-t-11113588_109.wav,False
/Users/amy/Desktop/new_soundhub/audio/bullfrog/data/neg/bullfrog-neg-t-11113588_398.wav,False
/Users/amy/Desktop/new_soundhub/audio/bullfrog/data/neg/bullfrog-neg-t-11113588_765.wav,False
/Users/amy/Desktop/new_soundhub/audio/bullfrog/data/neg/bullfrog-neg-t-11113588_480.wav,False
/Users/amy/Desktop/new_soundhub/audio/bullfrog/data/neg/bullfrog-neg-t-11113588_807.wav,False
/Users/amy/Desktop/new_soundhub/audio/bullfrog/data/neg/bullfrog-neg-t-11113588_574.wav,False
/Users/amy/Desktop/new_soundhub/audio/bullfrog/data/neg/bullfrog-neg-t-11113588_785.wav,False
/Users/amy/Desktop/new_soundhub/audio/bullfrog/data/neg/bullfrog-neg-t-11113588_496.wav,False
/Users/amy/Desktop/new_soundhub/audio/bullfrog/data/neg/bullfrog-neg-t-11113588_80.wav,False
/Users/amy/Desktop/new_soundhub/audio/bullfrog/data/neg/bullfrog-neg-t-11113588_779.wav,False
/Users/amy/Desktop/new_soundhub/audio/bullfrog/data/neg/bullfrog-neg-t-11113588_793.wav,False
/Users/amy/Desktop/new_soundhub/audio/bullfrog/data/neg/bullfrog-neg-t-11113588_497.wav,False
/Users/amy/Desktop/new_soundhub/audio/bullfrog/data/neg/bullfrog-neg-t-11113588_91.wav,False
/Users/amy/Desktop/new_soundhub/audio/bullfrog/data/neg/bullfrog-neg-t-11113588_794.wav,False
/Users/amy/Desktop/new_soundhub/audio/bullfrog/data/neg/bullfrog-neg-t-11113588_30.wav,False
/Users/amy/Desktop/new_soundhub/audio/bullfrog/data/neg/bullfrog-neg-t-11113588_407.wav,False
/Users/amy/Desktop/new_soundhub/audio/bullfrog/data/neg/bullfrog-neg-t-11113588_537.wav,False
/Users/amy/Desktop/new_soundhub/audio/bullfrog/data/neg/bullfrog-neg-t-11113588_125.wav,False
/Users/amy/Desktop/new_soundhub/audio/bullfrog/data/neg/bullfrog-neg-t-11113588_553.wav,False
/Users/amy/Desktop/new_soundhub/audio/bullfrog/data/neg/bullfrog-neg-t-11113588_401.wav,False
/Users/amy/Desktop/new_soundhub/audio/bullfrog/data/neg/bullfrog-neg-t-11113588_391.wav,False
/Users/amy/Desktop/new_soundhub/audio/bullfrog/data/neg/bullfrog-neg-t-11113588_465.wav,False
/Users/amy/Desktop/new_soundhub/audio/bullfrog/data/neg/bullfrog-neg-t-11113588_572.wav,False
/Users/amy/Desktop/new_soundhub/audio/bullfrog/data/neg/bullfrog-neg-t-11113588_515.wav,False
/Users/amy/Desktop/new_soundhub/audio/bullfrog/data/neg/bullfrog-neg-t-11113588_550.wav,False
/Users/amy/Desktop/new_soundhub/audio/bullfrog/data/neg/bullfrog-neg-t-11113588_70.wav,False
/Users/amy/Desktop/new_soundhub/audio/bullfrog/data/neg/bullfrog-neg-t-11113588_476.wav,False
/Users/amy/Desktop/new_soundhub/audio/bullfrog/data/neg/bullfrog-neg-t-11113588_122.wav,False
/Users/amy/Desktop/new_soundhub/audio/bullfrog/data/neg/bullfrog-neg-t-11113588_511.wav,False
/Users/amy/Desktop/new_soundhub/audio/bullfrog/data/neg/bullfrog-neg-t-11113588_385.wav,False
/Users/amy/Desktop/new_soundhub/audio/bullfrog/data/neg/bullfrog-neg-t-11113588_31.wav,False
/Users/amy/Desktop/new_soundhub/audio/bullfrog/data/neg/bullfrog-neg-t-11113588_130.wav,False
/Users/amy/Desktop/new_soundhub/audio/bullfrog/data/neg/bullfrog-neg-t-11113588_97.wav,False
/Users/amy/Desktop/new_soundhub/audio/bullfrog/data/neg/bullfrog-neg-t-11113588_584.wav,False
/Users/amy/Desktop/new_soundhub/audio/bullfrog/data/neg/bullfrog-neg-t-11113588_19.wav,False
/Users/amy/Desktop/new_soundhub/audio/bullfrog/data/neg/bullfrog-neg-t-11113588_390.wav,False
/Users/amy/Desktop/new_soundhub/audio/bullfrog/data/neg/bullfrog-neg-t-11113588_438.wav,False
/Users/amy/Desktop/new_soundhub/audio/bullfrog/data/neg/bullfrog-neg-t-11113588_535.wav,False
/Users/amy/Desktop/new_soundhub/audio/bullfrog/data/neg/bullfrog-neg-t-11113588_11.wav,False
/Users/amy/Desktop/new_soundhub/audio/bullfrog/data/neg/bullfrog-neg-t-11113588_770.wav,False
/Users/amy/Desktop/new_soundhub/audio/bullfrog/data/neg/bullfrog-neg-t-11113588_22.wav,False
/Users/amy/Desktop/new_soundhub/audio/bullfrog/data/neg/bullfrog-neg-t-11113588_86.wav,False
/Users/amy/Desktop/new_soundhub/audio/bullfrog/data/neg/bullfrog-neg-t-11113588_106.wav,False
/Users/amy/Desktop/new_soundhub/audio/bullfrog/data/neg/bullfrog-neg-t-11113588_805.wav,False
/Users/amy/Desktop/new_soundhub/audio/bullfrog/data/neg/bullfrog-neg-t-11113588_561.wav,False
/Users/amy/Desktop/new_soundhub/audio/bullfrog/data/neg/bullfrog-neg-t-11113588_518.wav,False
/Users/amy/Desktop/new_soundhub/audio/bullfrog/data/neg/bullfrog-neg-t-11113588_56.wav,False
/Users/amy/Desktop/new_soundhub/audio/bullfrog/data/neg/bullfrog-neg-t-11113588_563.wav,False
/Users/amy/Desktop/new_soundhub/audio/bullfrog/data/neg/bullfrog-neg-t-11113588_67.wav,False
/Users/amy/Desktop/new_soundhub/audio/bullfrog/data/neg/bullfrog-neg-t-11113588_500.wav,False
/Users/amy/Desktop/new_soundhub/audio/bullfrog/data/neg/bullfrog-neg-t-11113588_527.wav,False
/Users/amy/Desktop/new_soundhub/audio/bullfrog/data/neg/bullfrog-neg-t-11113588_494.wav,False
/Users/amy/Desktop/new_soundhub/audio/bullfrog/data/neg/bullfrog-neg-t-11113588_766.wav,False
/Users/amy/Desktop/new_soundhub/audio/bullfrog/data/neg/bullfrog-neg-t-11113588_774.wav,False
/Users/amy/Desktop/new_soundhub/audio/bullfrog/data/neg/bullfrog-neg-t-11113588_50.wav,False
/Users/amy/Desktop/new_soundhub/audio/bullfrog/data/neg/bullfrog-neg-t-11113588_48.wav,False
/Users/amy/Desktop/new_soundhub/audio/bullfrog/data/neg/bullfrog-neg-t-11113588_110.wav,False
/Users/amy/Desktop/new_soundhub/audio/bullfrog/data/neg/bullfrog-neg-t-11113588_505.wav,False
/Users/amy/Desktop/new_soundhub/audio/bullfrog/data/neg/bullfrog-neg-t-11113588_781.wav,False
/Users/amy/Desktop/new_soundhub/audio/bullfrog/data/neg/bullfrog-neg-t-11113588_484.wav,False
/Users/amy/Desktop/new_soundhub/audio/bullfrog/data/neg/bullfrog-neg-t-11113588_562.wav,False
/Users/amy/Desktop/new_soundhub/audio/bullfrog/data/neg/bullfrog-neg-t-11113588_573.wav,False
/Users/amy/Desktop/new_soundhub/audio/bullfrog/data/neg/bullfrog-neg-t-11113588_760.wav,False
/Users/amy/Desktop/new_soundhub/audio/bullfrog/data/neg/bullfrog-neg-t-11113588_58.wav,False
/Users/amy/Desktop/new_soundhub/audio/bullfrog/data/neg/bullfrog-neg-t-11113588_544.wav,False
/Users/amy/Desktop/new_soundhub/audio/bullfrog/data/neg/bullfrog-neg-t-11113588_757.wav,False
/Users/amy/Desktop/new_soundhub/audio/bullfrog/data/neg/bullfrog-neg-t-11113588_127.wav,False
/Users/amy/Desktop/new_soundhub/audio/bullfrog/data/neg/bullfrog-neg-t-11113588_18.wav,False
/Users/amy/Desktop/new_soundhub/audio/bullfrog/data/neg/bullfrog-neg-t-11113588_112.wav,False
/Users/amy/Desktop/new_soundhub/audio/bullfrog/data/neg/bullfrog-neg-t-11113588_126.wav,False
/Users/amy/Desktop/new_soundhub/audio/bullfrog/data/neg/bullfrog-neg-t-11113588_799.wav,False
/Users/amy/Desktop/new_soundhub/audio/bullfrog/data/neg/bullfrog-neg-t-11113588_378.wav,False
/Users/amy/Desktop/new_soundhub/audio/bullfrog/data/neg/bullfrog-neg-t-11113588_769.wav,False
/Users/amy/Desktop/new_soundhub/audio/bullfrog/data/neg/bullfrog-neg-t-11113588_399.wav,False
/Users/amy/Desktop/new_soundhub/audio/bullfrog/data/neg/bullfrog-neg-t-11113588_2.wav,False
/Users/amy/Desktop/new_soundhub/audio/bullfrog/data/neg/bullfrog-neg-t-11113588_554.wav,False
/Users/amy/Desktop/new_soundhub/audio/bullfrog/data/neg/bullfrog-neg-t-11113588_24.wav,False
/Users/amy/Desktop/new_soundhub/audio/bullfrog/data/neg/bullfrog-neg-t-11113588_6.wav,False
/Users/amy/Desktop/new_soundhub/audio/bullfrog/data/neg/bullfrog-neg-t-11113588_396.wav,False
/Users/amy/Desktop/new_soundhub/audio/bullfrog/data/neg/bullfrog-neg-t-11113588_57.wav,False
/Users/amy/Desktop/new_soundhub/audio/bullfrog/data/neg/bullfrog-neg-t-11113588_519.wav,False
/Users/amy/Desktop/new_soundhub/audio/bullfrog/data/neg/bullfrog-neg-t-11113588_586.wav,False
/Users/amy/Desktop/new_soundhub/audio/bullfrog/data/neg/bullfrog-neg-t-11113588_35.wav,False
/Users/amy/Desktop/new_soundhub/audio/bullfrog/data/neg/bullfrog-neg-t-11113588_534.wav,False
/Users/amy/Desktop/new_soundhub/audio/bullfrog/data/neg/bullfrog-neg-t-11113588_445.wav,False
/Users/amy/Desktop/new_soundhub/audio/bullfrog/data/neg/bullfrog-neg-t-11113588_557.wav,False
/Users/amy/Desktop/new_soundhub/audio/bullfrog/data/neg/bullfrog-neg-t-11113588_473.wav,False
/Users/amy/Desktop/new_soundhub/audio/bullfrog/data/neg/bullfrog-neg-t-11113588_523.wav,False
/Users/amy/Desktop/new_soundhub/audio/bullfrog/data/neg/bullfrog-neg-t-11113588_551.wav,False
/Users/amy/Desktop/new_soundhub/audio/bullfrog/data/neg/bullfrog-neg-t-11113588_387.wav,False
/Users/amy/Desktop/new_soundhub/audio/bullfrog/data/neg/bullfrog-neg-t-11113588_759.wav,False
/Users/amy/Desktop/new_soundhub/audio/bullfrog/data/neg/bullfrog-neg-t-11113588_545.wav,False
/Users/amy/Desktop/new_soundhub/audio/bullfrog/data/neg/bullfrog-neg-t-11113588_566.wav,False
/Users/amy/Desktop/new_soundhub/audio/bullfrog/data/neg/bullfrog-neg-t-11113588_5.wav,False
/Users/amy/Desktop/new_soundhub/audio/bullfrog/data/neg/bullfrog-neg-t-11113588_68.wav,False
/Users/amy/Desktop/new_soundhub/audio/bullfrog/data/neg/bullfrog-neg-t-11113588_87.wav,False
/Users/amy/Desktop/new_soundhub/audio/bullfrog/data/neg/bullfrog-neg-t-11113588_587.wav,False
/Users/amy/Desktop/new_soundhub/audio/bullfrog/data/neg/bullfrog-neg-t-11113588_131.wav,False
/Users/amy/Desktop/new_soundhub/audio/bullfrog/data/neg/bullfrog-neg-t-11113588_66.wav,False
/Users/amy/Desktop/new_soundhub/audio/bullfrog/data/neg/bullfrog-neg-t-11113588_764.wav,False
/Users/amy/Desktop/new_soundhub/audio/bullfrog/data/neg/bullfrog-neg-t-11113588_397.wav,False
/Users/amy/Desktop/new_soundhub/audio/bullfrog/data/neg/bullfrog-neg-t-11113588_381.wav,False
/Users/amy/Desktop/new_soundhub/audio/bullfrog/data/neg/bullfrog-neg-t-11113588_29.wav,False
/Users/amy/Desktop/new_soundhub/audio/bullfrog/data/neg/bullfrog-neg-t-11113588_521.wav,False
/Users/amy/Desktop/new_soundhub/audio/bullfrog/data/neg/bullfrog-neg-t-11113588_82.wav,False
/Users/amy/Desktop/new_soundhub/audio/bullfrog/data/neg/bullfrog-neg-t-11113588_379.wav,False
/Users/amy/Desktop/new_soundhub/audio/bullfrog/data/neg/bullfrog-neg-t-11113588_403.wav,False
/Users/amy/Desktop/new_soundhub/audio/bullfrog/data/neg/bullfrog-neg-t-11113588_64.wav,False
/Users/amy/Desktop/new_soundhub/audio/bullfrog/data/neg/bullfrog-neg-t-11113588_789.wav,False
/Users/amy/Desktop/new_soundhub/audio/bullfrog/data/neg/bullfrog-neg-t-11113588_79.wav,False
/Users/amy/Desktop/new_soundhub/audio/bullfrog/data/neg/bullfrog-neg-t-11113588_14.wav,False
/Users/amy/Desktop/new_soundhub/audio/bullfrog/data/neg/bullfrog-neg-t-11113588_81.wav,False
/Users/amy/Desktop/new_soundhub/audio/bullfrog/data/neg/bullfrog-neg-t-11113588_32.wav,False
/Users/amy/Desktop/new_soundhub/audio/bullfrog/data/neg/bullfrog-neg-t-11113588_768.wav,False
/Users/amy/Desktop/new_soundhub/audio/bullfrog/data/neg/bullfrog-neg-t-11113588_123.wav,False
/Users/amy/Desktop/new_soundhub/audio/bullfrog/data/neg/bullfrog-neg-t-11113588_52.wav,False
/Users/amy/Desktop/new_soundhub/audio/bullfrog/data/neg/bullfrog-neg-t-11113588_39.wav,False
/Users/amy/Desktop/new_soundhub/audio/bullfrog/data/neg/bullfrog-neg-t-11113588_118.wav,False
/Users/amy/Desktop/new_soundhub/audio/bullfrog/data/neg/bullfrog-neg-t-11113588_400.wav,False
/Users/amy/Desktop/new_soundhub/audio/bullfrog/data/neg/bullfrog-neg-t-11113588_85.wav,False
/Users/amy/Desktop/new_soundhub/audio/bullfrog/data/neg/bullfrog-neg-t-11113588_780.wav,False
/Users/amy/Desktop/new_soundhub/audio/bullfrog/data/neg/bullfrog-neg-t-11113588_474.wav,False
/Users/amy/Desktop/new_soundhub/audio/bullfrog/data/neg/bullfrog-neg-t-11113588_498.wav,False
/Users/amy/Desktop/new_soundhub/audio/bullfrog/data/neg/bullfrog-neg-t-11113588_477.wav,False
/Users/amy/Desktop/new_soundhub/audio/bullfrog/data/neg/bullfrog-neg-t-11113588_141.wav,False
/Users/amy/Desktop/new_soundhub/audio/bullfrog/data/neg/bullfrog-neg-t-11113588_393.wav,False
/Users/amy/Desktop/new_soundhub/audio/bullfrog/data/neg/bullfrog-neg-t-11113588_51.wav,False
/Users/amy/Desktop/new_soundhub/audio/bullfrog/data/neg/bullfrog-neg-t-11113588_796.wav,False
/Users/amy/Desktop/new_soundhub/audio/bullfrog/data/neg/bullfrog-neg-t-11113588_753.wav,False
/Users/amy/Desktop/new_soundhub/audio/bullfrog/data/neg/bullfrog-neg-t-11113588_63.wav,False
/Users/amy/Desktop/new_soundhub/audio/bullfrog/data/neg/bullfrog-neg-t-11113588_570.wav,False
/Users/amy/Desktop/new_soundhub/audio/bullfrog/data/neg/bullfrog-neg-t-11113588_520.wav,False
/Users/amy/Desktop/new_soundhub/audio/bullfrog/data/neg/bullfrog-neg-t-11113588_784.wav,False
/Users/amy/Desktop/new_soundhub/audio/bullfrog/data/neg/bullfrog-neg-t-11113588_119.wav,False
/Users/amy/Desktop/new_soundhub/audio/bullfrog/data/neg/bullfrog-neg-t-11113588_466.wav,False
/Users/amy/Desktop/new_soundhub/audio/bullfrog/data/neg/bullfrog-neg-t-11113588_17.wav,False
/Users/amy/Desktop/new_soundhub/audio/bullfrog/data/neg/bullfrog-neg-t-11113588_46.wav,False
/Users/amy/Desktop/new_soundhub/audio/bullfrog/data/neg/bullfrog-neg-t-11113588_542.wav,False
/Users/amy/Desktop/new_soundhub/audio/bullfrog/data/neg/bullfrog-neg-t-11113588_517.wav,False
/Users/amy/Desktop/new_soundhub/audio/bullfrog/data/neg/bullfrog-neg-t-11113588_493.wav,False
/Users/amy/Desktop/new_soundhub/audio/bullfrog/data/neg/bullfrog-neg-t-11113588_25.wav,False
/Users/amy/Desktop/new_soundhub/audio/bullfrog/data/neg/bullfrog-neg-t-11113588_47.wav,False
/Users/amy/Desktop/new_soundhub/audio/bullfrog/data/neg/bullfrog-neg-t-11113588_105.wav,False
/Users/amy/Desktop/new_soundhub/audio/bullfrog/data/neg/bullfrog-neg-t-11113588_95.wav,False
/Users/amy/Desktop/new_soundhub/audio/bullfrog/data/neg/bullfrog-neg-t-11113588_40.wav,False
/Users/amy/Desktop/new_soundhub/audio/bullfrog/data/neg/bullfrog-neg-t-11113588_767.wav,False
/Users/amy/Desktop/new_soundhub/audio/bullfrog/data/neg/bullfrog-neg-t-11113588_142.wav,False
/Users/amy/Desktop/new_soundhub/audio/bullfrog/data/neg/bullfrog-neg-t-11113588_69.wav,False
/Users/amy/Desktop/new_soundhub/audio/bullfrog/data/neg/bullfrog-neg-t-11113588_377.wav,False
/Users/amy/Desktop/new_soundhub/audio/bullfrog/data/neg/bullfrog-neg-t-11113588_36.wav,False
/Users/amy/Desktop/new_soundhub/audio/bullfrog/data/neg/bullfrog-neg-t-11113588_772.wav,False
/Users/amy/Desktop/new_soundhub/audio/bullfrog/data/neg/bullfrog-neg-t-11113588_60.wav,False
/Users/amy/Desktop/new_soundhub/audio/bullfrog/data/neg/bullfrog-neg-t-11113588_76.wav,False
/Users/amy/Desktop/new_soundhub/audio/bullfrog/data/neg/bullfrog-neg-t-11113588_408.wav,False
/Users/amy/Desktop/new_soundhub/audio/bullfrog/data/neg/bullfrog-neg-t-11113588_522.wav,False
/Users/amy/Desktop/new_soundhub/audio/bullfrog/data/neg/bullfrog-neg-t-11113588_440.wav,False
/Users/amy/Desktop/new_soundhub/audio/bullfrog/data/neg/bullfrog-neg-t-11113588_481.wav,False
/Users/amy/Desktop/new_soundhub/audio/bullfrog/data/neg/bullfrog-neg-t-11113588_448.wav,False
/Users/amy/Desktop/new_soundhub/audio/bullfrog/data/neg/bullfrog-neg-t-11113588_43.wav,False
/Users/amy/Desktop/new_soundhub/audio/bullfrog/data/neg/bullfrog-neg-t-11113588_792.wav,False
/Users/amy/Desktop/new_soundhub/audio/bullfrog/data/neg/bullfrog-neg-t-11113588_453.wav,False
/Users/amy/Desktop/new_soundhub/audio/bullfrog/data/neg/bullfrog-neg-t-11113588_503.wav,False
/Users/amy/Desktop/new_soundhub/audio/bullfrog/data/neg/bullfrog-neg-t-11113588_482.wav,False
/Users/amy/Desktop/new_soundhub/audio/bullfrog/data/neg/bullfrog-neg-t-11113588_461.wav,False
/Users/amy/Desktop/new_soundhub/audio/bullfrog/data/neg/bullfrog-neg-t-11113588_806.wav,False
/Users/amy/Desktop/new_soundhub/audio/bullfrog/data/neg/bullfrog-neg-t-11113588_117.wav,False
/Users/amy/Desktop/new_soundhub/audio/bullfrog/data/neg/bullfrog-neg-t-11113588_508.wav,False
/Users/amy/Desktop/new_soundhub/audio/bullfrog/data/neg/bullfrog-neg-t-11113588_582.wav,False
/Users/amy/Desktop/new_soundhub/audio/bullfrog/data/neg/bullfrog-neg-t-11113588_509.wav,False
/Users/amy/Desktop/new_soundhub/audio/bullfrog/data/neg/bullfrog-neg-t-11113588_485.wav,False
/Users/amy/Desktop/new_soundhub/audio/bullfrog/data/neg/bullfrog-neg-t-11113588_581.wav,False
/Users/amy/Desktop/new_soundhub/audio/bullfrog/data/neg/bullfrog-neg-t-11113588_62.wav,False
/Users/amy/Desktop/new_soundhub/audio/bullfrog/data/neg/bullfrog-neg-t-11113588_84.wav,False
/Users/amy/Desktop/new_soundhub/audio/bullfrog/data/neg/bullfrog-neg-t-11113588_783.wav,False
/Users/amy/Desktop/new_soundhub/audio/bullfrog/data/neg/bullfrog-neg-t-11113588_580.wav,False
/Users/amy/Desktop/new_soundhub/audio/bullfrog/data/neg/bullfrog-neg-t-11113588_450.wav,False
/Users/amy/Desktop/new_soundhub/audio/bullfrog/data/neg/bullfrog-neg-t-11113588_529.wav,False
/Users/amy/Desktop/new_soundhub/audio/bullfrog/data/neg/bullfrog-neg-t-11113588_761.wav,False
/Users/amy/Desktop/new_soundhub/audio/bullfrog/data/neg/bullfrog-neg-t-11113588_533.wav,False
/Users/amy/Desktop/new_soundhub/audio/bullfrog/data/neg/bullfrog-neg-t-11113588_101.wav,False
/Users/amy/Desktop/new_soundhub/audio/bullfrog/data/neg/bullfrog-neg-t-11113588_61.wav,False
/Users/amy/Desktop/new_soundhub/audio/bullfrog/data/neg/bullfrog-neg-t-11113588_536.wav,False
/Users/amy/Desktop/new_soundhub/audio/bullfrog/data/neg/bullfrog-neg-t-11113588_756.wav,False
/Users/amy/Desktop/new_soundhub/audio/bullfrog/data/neg/bullfrog-neg-t-11113588_506.wav,False
/Users/amy/Desktop/new_soundhub/audio/bullfrog/data/neg/bullfrog-neg-t-11113588_386.wav,False
/Users/amy/Desktop/new_soundhub/audio/bullfrog/data/neg/bullfrog-neg-t-11113588_137.wav,False
/Users/amy/Desktop/new_soundhub/audio/bullfrog/data/neg/bullfrog-neg-t-11113588_90.wav,False
/Users/amy/Desktop/new_soundhub/audio/bullfrog/data/neg/bullfrog-neg-t-11113588_568.wav,False
/Users/amy/Desktop/new_soundhub/audio/bullfrog/data/neg/bullfrog-neg-t-11113588_502.wav,False
/Users/amy/Desktop/new_soundhub/audio/bullfrog/data/neg/bullfrog-neg-t-11113588_452.wav,False
/Users/amy/Desktop/new_soundhub/audio/bullfrog/data/neg/bullfrog-neg-t-11113588_375.wav,False
/Users/amy/Desktop/new_soundhub/audio/bullfrog/data/neg/bullfrog-neg-t-11113588_763.wav,False
/Users/amy/Desktop/new_soundhub/audio/bullfrog/data/neg/bullfrog-neg-t-11113588_133.wav,False
/Users/amy/Desktop/new_soundhub/audio/bullfrog/data/neg/bullfrog-neg-t-11113588_124.wav,False
/Users/amy/Desktop/new_soundhub/audio/bullfrog/data/neg/bullfrog-neg-t-11113588_53.wav,False
/Users/amy/Desktop/new_soundhub/audio/bullfrog/data/neg/bullfrog-neg-t-11113588_467.wav,False
/Users/amy/Desktop/new_soundhub/audio/bullfrog/data/neg/bullfrog-neg-t-11113588_456.wav,False
/Users/amy/Desktop/new_soundhub/audio/bullfrog/data/neg/bullfrog-neg-t-11113588_94.wav,False
/Users/amy/Desktop/new_soundhub/audio/bullfrog/data/neg/bullfrog-neg-t-11113588_446.wav,False
/Users/amy/Desktop/new_soundhub/audio/bullfrog/data/neg/bullfrog-neg-t-11113588_786.wav,False
/Users/amy/Desktop/new_soundhub/audio/bullfrog/data/neg/bullfrog-neg-t-11113588_73.wav,False
/Users/amy/Desktop/new_soundhub/audio/bullfrog/data/neg/bullfrog-neg-t-11113588_116.wav,False
/Users/amy/Desktop/new_soundhub/audio/bullfrog/data/neg/bullfrog-neg-t-11113588_564.wav,False
/Users/amy/Desktop/new_soundhub/audio/bullfrog/data/neg/bullfrog-neg-t-11113588_532.wav,False
/Users/amy/Desktop/new_soundhub/audio/bullfrog/data/neg/bullfrog-neg-t-11113588_441.wav,False
/Users/amy/Desktop/new_soundhub/audio/bullfrog/data/neg/bullfrog-neg-t-11113588_54.wav,False
/Users/amy/Desktop/new_soundhub/audio/bullfrog/data/neg/bullfrog-neg-t-11113588_547.wav,False
/Users/amy/Desktop/new_soundhub/audio/bullfrog/data/neg/bullfrog-neg-t-11113588_555.wav,False
/Users/amy/Desktop/new_soundhub/audio/bullfrog/data/neg/bullfrog-neg-t-11113588_49.wav,False
/Users/amy/Desktop/new_soundhub/audio/bullfrog/data/neg/bullfrog-neg-t-11113588_468.wav,False
/Users/amy/Desktop/new_soundhub/audio/bullfrog/data/neg/bullfrog-neg-t-11113588_801.wav,False
/Users/amy/Desktop/new_soundhub/audio/bullfrog/data/neg/bullfrog-neg-t-11113588_16.wav,False
/Users/amy/Desktop/new_soundhub/audio/bullfrog/data/neg/bullfrog-neg-t-11113588_470.wav,False
/Users/amy/Desktop/new_soundhub/audio/bullfrog/data/neg/bullfrog-neg-t-11113588_111.wav,False
/Users/amy/Desktop/new_soundhub/audio/bullfrog/data/neg/bullfrog-neg-t-11113588_100.wav,False
/Users/amy/Desktop/new_soundhub/audio/bullfrog/data/neg/bullfrog-neg-t-11113588_549.wav,False
/Users/amy/Desktop/new_soundhub/audio/bullfrog/data/neg/bullfrog-neg-t-11113588_20.wav,False
/Users/amy/Desktop/new_soundhub/audio/bullfrog/data/neg/bullfrog-neg-t-11113588_74.wav,False
/Users/amy/Desktop/new_soundhub/audio/bullfrog/data/neg/bullfrog-neg-t-11113588_41.wav,False
/Users/amy/Desktop/new_soundhub/audio/bullfrog/data/neg/bullfrog-neg-t-11113588_376.wav,False
/Users/amy/Desktop/new_soundhub/audio/bullfrog/data/neg/bullfrog-neg-t-11113588_77.wav,False
/Users/amy/Desktop/new_soundhub/audio/bullfrog/data/neg/bullfrog-neg-t-11113588_491.wav,False
/Users/amy/Desktop/new_soundhub/audio/bullfrog/data/neg/bullfrog-neg-t-11113588_44.wav,False
/Users/amy/Desktop/new_soundhub/audio/bullfrog/data/neg/bullfrog-neg-t-11113588_98.wav,False
/Users/amy/Desktop/new_soundhub/audio/bullfrog/data/neg/bullfrog-neg-t-11113588_809.wav,False
/Users/amy/Desktop/new_soundhub/audio/bullfrog/data/neg/bullfrog-neg-t-11113588_384.wav,False
/Users/amy/Desktop/new_soundhub/audio/bullfrog/data/neg/bullfrog-neg-t-11113588_487.wav,False
/Users/amy/Desktop/new_soundhub/audio/bullfrog/data/neg/bullfrog-neg-t-11113588_754.wav,False
/Users/amy/Desktop/new_soundhub/audio/bullfrog/data/neg/bullfrog-neg-t-11113588_524.wav,False
/Users/amy/Desktop/new_soundhub/audio/bullfrog/data/neg/bullfrog-neg-t-11113588_443.wav,False
/Users/amy/Desktop/new_soundhub/audio/bullfrog/data/neg/bullfrog-neg-t-11113588_88.wav,False
/Users/amy/Desktop/new_soundhub/audio/bullfrog/data/neg/bullfrog-neg-t-11113588_114.wav,False
/Users/amy/Desktop/new_soundhub/audio/bullfrog/data/neg/bullfrog-neg-t-11113588_380.wav,False
/Users/amy/Desktop/new_soundhub/audio/bullfrog/data/neg/bullfrog-neg-t-11113588_140.wav,False
/Users/amy/Desktop/new_soundhub/audio/bullfrog/data/neg/bullfrog-neg-t-11113588_108.wav,False
/Users/amy/Desktop/new_soundhub/audio/bullfrog/data/neg/bullfrog-neg-t-11113588_23.wav,False
/Users/amy/Desktop/new_soundhub/audio/bullfrog/data/neg/bullfrog-neg-t-11113588_800.wav,False
/Users/amy/Desktop/new_soundhub/audio/bullfrog/data/neg/bullfrog-neg-t-11113588_471.wav,False
/Users/amy/Desktop/new_soundhub/audio/bullfrog/data/neg/bullfrog-neg-t-11113588_128.wav,False
/Users/amy/Desktop/new_soundhub/audio/bullfrog/data/neg/bullfrog-neg-t-11113588_1.wav,False
/Users/amy/Desktop/new_soundhub/audio/bullfrog/data/neg/bullfrog-neg-t-11113588_442.wav,False
/Users/amy/Desktop/new_soundhub/audio/bullfrog/data/neg/bullfrog-neg-t-11113588_71.wav,False
/Users/amy/Desktop/new_soundhub/audio/bullfrog/data/neg/bullfrog-neg-t-11113588_569.wav,False
/Users/amy/Desktop/new_soundhub/audio/bullfrog/data/neg/bullfrog-neg-t-11113588_83.wav,False
/Users/amy/Desktop/new_soundhub/audio/bullfrog/data/neg/bullfrog-neg-t-11113588_803.wav,False
/Users/amy/Desktop/new_soundhub/audio/bullfrog/data/neg/bullfrog-neg-t-11113588_451.wav,False
/Users/amy/Desktop/new_soundhub/audio/bullfrog/data/neg/bullfrog-neg-t-11113588_495.wav,False
/Users/amy/Desktop/new_soundhub/audio/bullfrog/data/neg/bullfrog-neg-t-11113588_27.wav,False
/Users/amy/Desktop/new_soundhub/audio/bullfrog/data/neg/bullfrog-neg-t-11113588_543.wav,False
/Users/amy/Desktop/new_soundhub/audio/bullfrog/data/neg/bullfrog-neg-t-11113588_540.wav,False
/Users/amy/Desktop/new_soundhub/audio/bullfrog/data/neg/bullfrog-neg-t-11113588_773.wav,False
/Users/amy/Desktop/new_soundhub/audio/bullfrog/data/neg/bullfrog-neg-t-11113588_13.wav,False
/Users/amy/Desktop/new_soundhub/audio/bullfrog/data/pos/bullfrog-pos-t-11113588_700.wav,True
/Users/amy/Desktop/new_soundhub/audio/bullfrog/data/pos/bullfrog-pos-t-11113588_642.wav,True
/Users/amy/Desktop/new_soundhub/audio/bullfrog/data/pos/bullfrog-pos-t-11113588_145.wav,True
/Users/amy/Desktop/new_soundhub/audio/bullfrog/data/pos/bullfrog-pos-t-11113588_692.wav,True
/Users/amy/Desktop/new_soundhub/audio/bullfrog/data/pos/bullfrog-pos-t-11113588_235.wav,True
/Users/amy/Desktop/new_soundhub/audio/bullfrog/data/pos/bullfrog-pos-t-11113588_285.wav,True
/Users/amy/Desktop/new_soundhub/audio/bullfrog/data/pos/bullfrog-pos-t-11113588_670.wav,True
/Users/amy/Desktop/new_soundhub/audio/bullfrog/data/pos/bullfrog-pos-t-11113588_310.wav,True
/Users/amy/Desktop/new_soundhub/audio/bullfrog/data/pos/bullfrog-pos-t-11113588_740.wav,True
/Users/amy/Desktop/new_soundhub/audio/bullfrog/data/pos/bullfrog-pos-t-11113588_590.wav,True
/Users/amy/Desktop/new_soundhub/audio/bullfrog/data/pos/bullfrog-pos-t-11113588_425.wav,True
/Users/amy/Desktop/new_soundhub/audio/bullfrog/data/pos/bullfrog-pos-t-11113588_420.wav,True
/Users/amy/Desktop/new_soundhub/audio/bullfrog/data/pos/bullfrog-pos-t-11113588_217.wav,True
/Users/amy/Desktop/new_soundhub/audio/bullfrog/data/pos/bullfrog-pos-t-11113588_435.wav,True
/Users/amy/Desktop/new_soundhub/audio/bullfrog/data/pos/bullfrog-pos-t-11113588_249.wav,True
/Users/amy/Desktop/new_soundhub/audio/bullfrog/data/pos/bullfrog-pos-t-11113588_639.wav,True
/Users/amy/Desktop/new_soundhub/audio/bullfrog/data/pos/bullfrog-pos-t-11113588_274.wav,True
/Users/amy/Desktop/new_soundhub/audio/bullfrog/data/pos/bullfrog-pos-t-11113588_256.wav,True
/Users/amy/Desktop/new_soundhub/audio/bullfrog/data/pos/bullfrog-pos-t-11113588_195.wav,True
/Users/amy/Desktop/new_soundhub/audio/bullfrog/data/pos/bullfrog-pos-t-11113588_266.wav,True
/Users/amy/Desktop/new_soundhub/audio/bullfrog/data/pos/bullfrog-pos-t-11113588_315.wav,True
/Users/amy/Desktop/new_soundhub/audio/bullfrog/data/pos/bullfrog-pos-t-11113588_428.wav,True
/Users/amy/Desktop/new_soundhub/audio/bullfrog/data/pos/bullfrog-pos-t-11113588_636.wav,True
/Users/amy/Desktop/new_soundhub/audio/bullfrog/data/pos/bullfrog-pos-t-11113588_615.wav,True
/Users/amy/Desktop/new_soundhub/audio/bullfrog/data/pos/bullfrog-pos-t-11113588_683.wav,True
/Users/amy/Desktop/new_soundhub/audio/bullfrog/data/pos/bullfrog-pos-t-11113588_181.wav,True
/Users/amy/Desktop/new_soundhub/audio/bullfrog/data/pos/bullfrog-pos-t-11113588_710.wav,True
/Users/amy/Desktop/new_soundhub/audio/bullfrog/data/pos/bullfrog-pos-t-11113588_630.wav,True
/Users/amy/Desktop/new_soundhub/audio/bullfrog/data/pos/bullfrog-pos-t-11113588_619.wav,True
/Users/amy/Desktop/new_soundhub/audio/bullfrog/data/pos/bullfrog-pos-t-11113588_318.wav,True
/Users/amy/Desktop/new_soundhub/audio/bullfrog/data/pos/bullfrog-pos-t-11113588_200.wav,True
/Users/amy/Desktop/new_soundhub/audio/bullfrog/data/pos/bullfrog-pos-t-11113588_201.wav,True
/Users/amy/Desktop/new_soundhub/audio/bullfrog/data/pos/bullfrog-pos-t-11113588_303.wav,True
/Users/amy/Desktop/new_soundhub/audio/bullfrog/data/pos/bullfrog-pos-t-11113588_241.wav,True
/Users/amy/Desktop/new_soundhub/audio/bullfrog/data/pos/bullfrog-pos-t-11113588_429.wav,True
/Users/amy/Desktop/new_soundhub/audio/bullfrog/data/pos/bullfrog-pos-t-11113588_271.wav,True
/Users/amy/Desktop/new_soundhub/audio/bullfrog/data/pos/bullfrog-pos-t-11113588_591.wav,True
/Users/amy/Desktop/new_soundhub/audio/bullfrog/data/pos/bullfrog-pos-t-11113588_735.wav,True
/Users/amy/Desktop/new_soundhub/audio/bullfrog/data/pos/bullfrog-pos-t-11113588_417.wav,True
/Users/amy/Desktop/new_soundhub/audio/bullfrog/data/pos/bullfrog-pos-t-11113588_687.wav,True
/Users/amy/Desktop/new_soundhub/audio/bullfrog/data/pos/bullfrog-pos-t-11113588_707.wav,True
/Users/amy/Desktop/new_soundhub/audio/bullfrog/data/pos/bullfrog-pos-t-11113588_706.wav,True
/Users/amy/Desktop/new_soundhub/audio/bullfrog/data/pos/bullfrog-pos-t-11113588_709.wav,True
/Users/amy/Desktop/new_soundhub/audio/bullfrog/data/pos/bullfrog-pos-t-11113588_688.wav,True
/Users/amy/Desktop/new_soundhub/audio/bullfrog/data/pos/bullfrog-pos-t-11113588_588.wav,True
/Users/amy/Desktop/new_soundhub/audio/bullfrog/data/pos/bullfrog-pos-t-11113588_697.wav,True
/Users/amy/Desktop/new_soundhub/audio/bullfrog/data/pos/bullfrog-pos-t-11113588_690.wav,True
/Users/amy/Desktop/new_soundhub/audio/bullfrog/data/pos/bullfrog-pos-t-11113588_677.wav,True
/Users/amy/Desktop/new_soundhub/audio/bullfrog/data/pos/bullfrog-pos-t-11113588_175.wav,True
/Users/amy/Desktop/new_soundhub/audio/bullfrog/data/pos/bullfrog-pos-t-11113588_725.wav,True
/Users/amy/Desktop/new_soundhub/audio/bullfrog/data/pos/bullfrog-pos-t-11113588_299.wav,True
/Users/amy/Desktop/new_soundhub/audio/bullfrog/data/pos/bullfrog-pos-t-11113588_268.wav,True
/Users/amy/Desktop/new_soundhub/audio/bullfrog/data/pos/bullfrog-pos-t-11113588_658.wav,True
/Users/amy/Desktop/new_soundhub/audio/bullfrog/data/pos/bullfrog-pos-t-11113588_165.wav,True
/Users/amy/Desktop/new_soundhub/audio/bullfrog/data/pos/bullfrog-pos-t-11113588_202.wav,True
/Users/amy/Desktop/new_soundhub/audio/bullfrog/data/pos/bullfrog-pos-t-11113588_641.wav,True
/Users/amy/Desktop/new_soundhub/audio/bullfrog/data/pos/bullfrog-pos-t-11113588_654.wav,True
/Users/amy/Desktop/new_soundhub/audio/bullfrog/data/pos/bullfrog-pos-t-11113588_260.wav,True
/Users/amy/Desktop/new_soundhub/audio/bullfrog/data/pos/bullfrog-pos-t-11113588_324.wav,True
/Users/amy/Desktop/new_soundhub/audio/bullfrog/data/pos/bullfrog-pos-t-11113588_150.wav,True
/Users/amy/Desktop/new_soundhub/audio/bullfrog/data/pos/bullfrog-pos-t-11113588_708.wav,True
/Users/amy/Desktop/new_soundhub/audio/bullfrog/data/pos/bullfrog-pos-t-11113588_703.wav,True
/Users/amy/Desktop/new_soundhub/audio/bullfrog/data/pos/bullfrog-pos-t-11113588_257.wav,True
/Users/amy/Desktop/new_soundhub/audio/bullfrog/data/pos/bullfrog-pos-t-11113588_161.wav,True
/Users/amy/Desktop/new_soundhub/audio/bullfrog/data/pos/bullfrog-pos-t-11113588_433.wav,True
/Users/amy/Desktop/new_soundhub/audio/bullfrog/data/pos/bullfrog-pos-t-11113588_293.wav,True
/Users/amy/Desktop/new_soundhub/audio/bullfrog/data/pos/bullfrog-pos-t-11113588_702.wav,True
/Users/amy/Desktop/new_soundhub/audio/bullfrog/data/pos/bullfrog-pos-t-11113588_272.wav,True
/Users/amy/Desktop/new_soundhub/audio/bullfrog/data/pos/bullfrog-pos-t-11113588_628.wav,True
/Users/amy/Desktop/new_soundhub/audio/bullfrog/data/pos/bullfrog-pos-t-11113588_611.wav,True
/Users/amy/Desktop/new_soundhub/audio/bullfrog/data/pos/bullfrog-pos-t-11113588_314.wav,True
/Users/amy/Desktop/new_soundhub/audio/bullfrog/data/pos/bullfrog-pos-t-11113588_365.wav,True
/Users/amy/Desktop/new_soundhub/audio/bullfrog/data/pos/bullfrog-pos-t-11113588_333.wav,True
/Users/amy/Desktop/new_soundhub/audio/bullfrog/data/pos/bullfrog-pos-t-11113588_674.wav,True
/Users/amy/Desktop/new_soundhub/audio/bullfrog/data/pos/bullfrog-pos-t-11113588_155.wav,True
/Users/amy/Desktop/new_soundhub/audio/bullfrog/data/pos/bullfrog-pos-t-11113588_626.wav,True
/Users/amy/Desktop/new_soundhub/audio/bullfrog/data/pos/bullfrog-pos-t-11113588_312.wav,True
/Users/amy/Desktop/new_soundhub/audio/bullfrog/data/pos/bullfrog-pos-t-11113588_723.wav,True
/Users/amy/Desktop/new_soundhub/audio/bullfrog/data/pos/bullfrog-pos-t-11113588_255.wav,True
/Users/amy/Desktop/new_soundhub/audio/bullfrog/data/pos/bullfrog-pos-t-11113588_434.wav,True
/Users/amy/Desktop/new_soundhub/audio/bullfrog/data/pos/bullfrog-pos-t-11113588_604.wav,True
/Users/amy/Desktop/new_soundhub/audio/bullfrog/data/pos/bullfrog-pos-t-11113588_146.wav,True
/Users/amy/Desktop/new_soundhub/audio/bullfrog/data/pos/bullfrog-pos-t-11113588_243.wav,True
/Users/amy/Desktop/new_soundhub/audio/bullfrog/data/pos/bullfrog-pos-t-11113588_667.wav,True
/Users/amy/Desktop/new_soundhub/audio/bullfrog/data/pos/bullfrog-pos-t-11113588_335.wav,True
/Users/amy/Desktop/new_soundhub/audio/bullfrog/data/pos/bullfrog-pos-t-11113588_193.wav,True
/Users/amy/Desktop/new_soundhub/audio/bullfrog/data/pos/bullfrog-pos-t-11113588_364.wav,True
/Users/amy/Desktop/new_soundhub/audio/bullfrog/data/pos/bullfrog-pos-t-11113588_206.wav,True
/Users/amy/Desktop/new_soundhub/audio/bullfrog/data/pos/bullfrog-pos-t-11113588_666.wav,True
/Users/amy/Desktop/new_soundhub/audio/bullfrog/data/pos/bullfrog-pos-t-11113588_721.wav,True
/Users/amy/Desktop/new_soundhub/audio/bullfrog/data/pos/bullfrog-pos-t-11113588_262.wav,True
/Users/amy/Desktop/new_soundhub/audio/bullfrog/data/pos/bullfrog-pos-t-11113588_693.wav,True
/Users/amy/Desktop/new_soundhub/audio/bullfrog/data/pos/bullfrog-pos-t-11113588_185.wav,True
/Users/amy/Desktop/new_soundhub/audio/bullfrog/data/pos/bullfrog-pos-t-11113588_352.wav,True
/Users/amy/Desktop/new_soundhub/audio/bullfrog/data/pos/bullfrog-pos-t-11113588_635.wav,True
/Users/amy/Desktop/new_soundhub/audio/bullfrog/data/pos/bullfrog-pos-t-11113588_355.wav,True
/Users/amy/Desktop/new_soundhub/audio/bullfrog/data/pos/bullfrog-pos-t-11113588_657.wav,True
/Users/amy/Desktop/new_soundhub/audio/bullfrog/data/pos/bullfrog-pos-t-11113588_290.wav,True
/Users/amy/Desktop/new_soundhub/audio/bullfrog/data/pos/bullfrog-pos-t-11113588_358.wav,True
/Users/amy/Desktop/new_soundhub/audio/bullfrog/data/pos/bullfrog-pos-t-11113588_594.wav,True
/Users/amy/Desktop/new_soundhub/audio/bullfrog/data/pos/bullfrog-pos-t-11113588_306.wav,True
/Users/amy/Desktop/new_soundhub/audio/bullfrog/data/pos/bullfrog-pos-t-11113588_728.wav,True
/Users/amy/Desktop/new_soundhub/audio/bullfrog/data/pos/bullfrog-pos-t-11113588_370.wav,True
/Users/amy/Desktop/new_soundhub/audio/bullfrog/data/pos/bullfrog-pos-t-11113588_244.wav,True
/Users/amy/Desktop/new_soundhub/audio/bullfrog/data/pos/bullfrog-pos-t-11113588_225.wav,True
/Users/amy/Desktop/new_soundhub/audio/bullfrog/data/pos/bullfrog-pos-t-11113588_170.wav,True
/Users/amy/Desktop/new_soundhub/audio/bullfrog/data/pos/bullfrog-pos-t-11113588_152.wav,True
/Users/amy/Desktop/new_soundhub/audio/bullfrog/data/pos/bullfrog-pos-t-11113588_289.wav,True
/Users/amy/Desktop/new_soundhub/audio/bullfrog/data/pos/bullfrog-pos-t-11113588_419.wav,True
/Users/amy/Desktop/new_soundhub/audio/bullfrog/data/pos/bullfrog-pos-t-11113588_421.wav,True
/Users/amy/Desktop/new_soundhub/audio/bullfrog/data/pos/bullfrog-pos-t-11113588_344.wav,True
/Users/amy/Desktop/new_soundhub/audio/bullfrog/data/pos/bullfrog-pos-t-11113588_681.wav,True
/Users/amy/Desktop/new_soundhub/audio/bullfrog/data/pos/bullfrog-pos-t-11113588_412.wav,True
/Users/amy/Desktop/new_soundhub/audio/bullfrog/data/pos/bullfrog-pos-t-11113588_704.wav,True
/Users/amy/Desktop/new_soundhub/audio/bullfrog/data/pos/bullfrog-pos-t-11113588_143.wav,True
/Users/amy/Desktop/new_soundhub/audio/bullfrog/data/pos/bullfrog-pos-t-11113588_172.wav,True
/Users/amy/Desktop/new_soundhub/audio/bullfrog/data/pos/bullfrog-pos-t-11113588_371.wav,True
/Users/amy/Desktop/new_soundhub/audio/bullfrog/data/pos/bullfrog-pos-t-11113588_436.wav,True
/Users/amy/Desktop/new_soundhub/audio/bullfrog/data/pos/bullfrog-pos-t-11113588_730.wav,True
/Users/amy/Desktop/new_soundhub/audio/bullfrog/data/pos/bullfrog-pos-t-11113588_259.wav,True
/Users/amy/Desktop/new_soundhub/audio/bullfrog/data/pos/bullfrog-pos-t-11113588_602.wav,True
/Users/amy/Desktop/new_soundhub/audio/bullfrog/data/pos/bullfrog-pos-t-11113588_238.wav,True
/Users/amy/Desktop/new_soundhub/audio/bullfrog/data/pos/bullfrog-pos-t-11113588_232.wav,True
/Users/amy/Desktop/new_soundhub/audio/bullfrog/data/pos/bullfrog-pos-t-11113588_154.wav,True
/Users/amy/Desktop/new_soundhub/audio/bullfrog/data/pos/bullfrog-pos-t-11113588_216.wav,True
/Users/amy/Desktop/new_soundhub/audio/bullfrog/data/pos/bullfrog-pos-t-11113588_340.wav,True
/Users/amy/Desktop/new_soundhub/audio/bullfrog/data/pos/bullfrog-pos-t-11113588_601.wav,True
/Users/amy/Desktop/new_soundhub/audio/bullfrog/data/pos/bullfrog-pos-t-11113588_647.wav,True
/Users/amy/Desktop/new_soundhub/audio/bullfrog/data/pos/bullfrog-pos-t-11113588_357.wav,True
/Users/amy/Desktop/new_soundhub/audio/bullfrog/data/pos/bullfrog-pos-t-11113588_689.wav,True
/Users/amy/Desktop/new_soundhub/audio/bullfrog/data/pos/bullfrog-pos-t-11113588_246.wav,True
/Users/amy/Desktop/new_soundhub/audio/bullfrog/data/pos/bullfrog-pos-t-11113588_631.wav,True
/Users/amy/Desktop/new_soundhub/audio/bullfrog/data/pos/bullfrog-pos-t-11113588_722.wav,True
/Users/amy/Desktop/new_soundhub/audio/bullfrog/data/pos/bullfrog-pos-t-11113588_623.wav,True
/Users/amy/Desktop/new_soundhub/audio/bullfrog/data/pos/bullfrog-pos-t-11113588_242.wav,True
/Users/amy/Desktop/new_soundhub/audio/bullfrog/data/pos/bullfrog-pos-t-11113588_696.wav,True
/Users/amy/Desktop/new_soundhub/audio/bullfrog/data/pos/bullfrog-pos-t-11113588_701.wav,True
/Users/amy/Desktop/new_soundhub/audio/bullfrog/data/pos/bullfrog-pos-t-11113588_413.wav,True
/Users/amy/Desktop/new_soundhub/audio/bullfrog/data/pos/bullfrog-pos-t-11113588_724.wav,True
/Users/amy/Desktop/new_soundhub/audio/bullfrog/data/pos/bullfrog-pos-t-11113588_339.wav,True
/Users/amy/Desktop/new_soundhub/audio/bullfrog/data/pos/bullfrog-pos-t-11113588_430.wav,True
/Users/amy/Desktop/new_soundhub/audio/bullfrog/data/pos/bullfrog-pos-t-11113588_305.wav,True
/Users/amy/Desktop/new_soundhub/audio/bullfrog/data/pos/bullfrog-pos-t-11113588_682.wav,True
/Users/amy/Desktop/new_soundhub/audio/bullfrog/data/pos/bullfrog-pos-t-11113588_349.wav,True
/Users/amy/Desktop/new_soundhub/audio/bullfrog/data/pos/bullfrog-pos-t-11113588_748.wav,True
/Users/amy/Desktop/new_soundhub/audio/bullfrog/data/pos/bullfrog-pos-t-11113588_415.wav,True
/Users/amy/Desktop/new_soundhub/audio/bullfrog/data/pos/bullfrog-pos-t-11113588_276.wav,True
/Users/amy/Desktop/new_soundhub/audio/bullfrog/data/pos/bullfrog-pos-t-11113588_665.wav,True
/Users/amy/Desktop/new_soundhub/audio/bullfrog/data/pos/bullfrog-pos-t-11113588_177.wav,True
/Users/amy/Desktop/new_soundhub/audio/bullfrog/data/pos/bullfrog-pos-t-11113588_369.wav,True
/Users/amy/Desktop/new_soundhub/audio/bullfrog/data/pos/bullfrog-pos-t-11113588_233.wav,True
/Users/amy/Desktop/new_soundhub/audio/bullfrog/data/pos/bullfrog-pos-t-11113588_301.wav,True
/Users/amy/Desktop/new_soundhub/audio/bullfrog/data/pos/bullfrog-pos-t-11113588_712.wav,True
/Users/amy/Desktop/new_soundhub/audio/bullfrog/data/pos/bullfrog-pos-t-11113588_182.wav,True
/Users/amy/Desktop/new_soundhub/audio/bullfrog/data/pos/bullfrog-pos-t-11113588_313.wav,True
/Users/amy/Desktop/new_soundhub/audio/bullfrog/data/pos/bullfrog-pos-t-11113588_346.wav,True
/Users/amy/Desktop/new_soundhub/audio/bullfrog/data/pos/bullfrog-pos-t-11113588_330.wav,True
/Users/amy/Desktop/new_soundhub/audio/bullfrog/data/pos/bullfrog-pos-t-11113588_157.wav,True
/Users/amy/Desktop/new_soundhub/audio/bullfrog/data/pos/bullfrog-pos-t-11113588_341.wav,True
/Users/amy/Desktop/new_soundhub/audio/bullfrog/data/pos/bullfrog-pos-t-11113588_222.wav,True
/Users/amy/Desktop/new_soundhub/audio/bullfrog/data/pos/bullfrog-pos-t-11113588_345.wav,True
/Users/amy/Desktop/new_soundhub/audio/bullfrog/data/pos/bullfrog-pos-t-11113588_294.wav,True
/Users/amy/Desktop/new_soundhub/audio/bullfrog/data/pos/bullfrog-pos-t-11113588_282.wav,True
/Users/amy/Desktop/new_soundhub/audio/bullfrog/data/pos/bullfrog-pos-t-11113588_653.wav,True
/Users/amy/Desktop/new_soundhub/audio/bullfrog/data/pos/bullfrog-pos-t-11113588_739.wav,True
/Users/amy/Desktop/new_soundhub/audio/bullfrog/data/pos/bullfrog-pos-t-11113588_367.wav,True
/Users/amy/Desktop/new_soundhub/audio/bullfrog/data/pos/bullfrog-pos-t-11113588_191.wav,True
/Users/amy/Desktop/new_soundhub/audio/bullfrog/data/pos/bullfrog-pos-t-11113588_684.wav,True
/Users/amy/Desktop/new_soundhub/audio/bullfrog/data/pos/bullfrog-pos-t-11113588_254.wav,True
/Users/amy/Desktop/new_soundhub/audio/bullfrog/data/pos/bullfrog-pos-t-11113588_738.wav,True
/Users/amy/Desktop/new_soundhub/audio/bullfrog/data/pos/bullfrog-pos-t-11113588_347.wav,True
/Users/amy/Desktop/new_soundhub/audio/bullfrog/data/pos/bullfrog-pos-t-11113588_686.wav,True
/Users/amy/Desktop/new_soundhub/audio/bullfrog/data/pos/bullfrog-pos-t-11113588_328.wav,True
/Users/amy/Desktop/new_soundhub/audio/bullfrog/data/pos/bullfrog-pos-t-11113588_221.wav,True
/Users/amy/Desktop/new_soundhub/audio/bullfrog/data/pos/bullfrog-pos-t-11113588_180.wav,True
/Users/amy/Desktop/new_soundhub/audio/bullfrog/data/pos/bullfrog-pos-t-11113588_595.wav,True
/Users/amy/Desktop/new_soundhub/audio/bullfrog/data/pos/bullfrog-pos-t-11113588_427.wav,True
/Users/amy/Desktop/new_soundhub/audio/bullfrog/data/pos/bullfrog-pos-t-11113588_252.wav,True
/Users/amy/Desktop/new_soundhub/audio/bullfrog/data/pos/bullfrog-pos-t-11113588_184.wav,True
/Users/amy/Desktop/new_soundhub/audio/bullfrog/data/pos/bullfrog-pos-t-11113588_295.wav,True
/Users/amy/Desktop/new_soundhub/audio/bullfrog/data/pos/bullfrog-pos-t-11113588_327.wav,True
/Users/amy/Desktop/new_soundhub/audio/bullfrog/data/pos/bullfrog-pos-t-11113588_691.wav,True
/Users/amy/Desktop/new_soundhub/audio/bullfrog/data/pos/bullfrog-pos-t-11113588_211.wav,True
/Users/amy/Desktop/new_soundhub/audio/bullfrog/data/pos/bullfrog-pos-t-11113588_248.wav,True
/Users/amy/Desktop/new_soundhub/audio/bullfrog/data/pos/bullfrog-pos-t-11113588_280.wav,True
/Users/amy/Desktop/new_soundhub/audio/bullfrog/data/pos/bullfrog-pos-t-11113588_652.wav,True
/Users/amy/Desktop/new_soundhub/audio/bullfrog/data/pos/bullfrog-pos-t-11113588_659.wav,True
/Users/amy/Desktop/new_soundhub/audio/bullfrog/data/pos/bullfrog-pos-t-11113588_231.wav,True
/Users/amy/Desktop/new_soundhub/audio/bullfrog/data/pos/bullfrog-pos-t-11113588_593.wav,True
/Users/amy/Desktop/new_soundhub/audio/bullfrog/data/pos/bullfrog-pos-t-11113588_261.wav,True
/Users/amy/Desktop/new_soundhub/audio/bullfrog/data/pos/bullfrog-pos-t-11113588_716.wav,True
/Users/amy/Desktop/new_soundhub/audio/bullfrog/data/pos/bullfrog-pos-t-11113588_151.wav,True
/Users/amy/Desktop/new_soundhub/audio/bullfrog/data/pos/bullfrog-pos-t-11113588_164.wav,True
/Users/amy/Desktop/new_soundhub/audio/bullfrog/data/pos/bullfrog-pos-t-11113588_663.wav,True
/Users/amy/Desktop/new_soundhub/audio/bullfrog/data/pos/bullfrog-pos-t-11113588_622.wav,True
/Users/amy/Desktop/new_soundhub/audio/bullfrog/data/pos/bullfrog-pos-t-11113588_270.wav,True
/Users/amy/Desktop/new_soundhub/audio/bullfrog/data/pos/bullfrog-pos-t-11113588_719.wav,True
/Users/amy/Desktop/new_soundhub/audio/bullfrog/data/pos/bullfrog-pos-t-11113588_718.wav,True
/Users/amy/Desktop/new_soundhub/audio/bullfrog/data/pos/bullfrog-pos-t-11113588_713.wav,True
/Users/amy/Desktop/new_soundhub/audio/bullfrog/data/pos/bullfrog-pos-t-11113588_655.wav,True
/Users/amy/Desktop/new_soundhub/audio/bullfrog/data/pos/bullfrog-pos-t-11113588_422.wav,True
/Users/amy/Desktop/new_soundhub/audio/bullfrog/data/pos/bullfrog-pos-t-11113588_363.wav,True
/Users/amy/Desktop/new_soundhub/audio/bullfrog/data/pos/bullfrog-pos-t-11113588_751.wav,True
/Users/amy/Desktop/new_soundhub/audio/bullfrog/data/pos/bullfrog-pos-t-11113588_605.wav,True
/Users/amy/Desktop/new_soundhub/audio/bullfrog/data/pos/bullfrog-pos-t-11113588_621.wav,True
/Users/amy/Desktop/new_soundhub/audio/bullfrog/data/pos/bullfrog-pos-t-11113588_307.wav,True
/Users/amy/Desktop/new_soundhub/audio/bullfrog/data/pos/bullfrog-pos-t-11113588_669.wav,True
/Users/amy/Desktop/new_soundhub/audio/bullfrog/data/pos/bullfrog-pos-t-11113588_598.wav,True
/Users/amy/Desktop/new_soundhub/audio/bullfrog/data/pos/bullfrog-pos-t-11113588_656.wav,True
/Users/amy/Desktop/new_soundhub/audio/bullfrog/data/pos/bullfrog-pos-t-11113588_198.wav,True
/Users/amy/Desktop/new_soundhub/audio/bullfrog/data/pos/bullfrog-pos-t-11113588_159.wav,True
/Users/amy/Desktop/new_soundhub/audio/bullfrog/data/pos/bullfrog-pos-t-11113588_158.wav,True
/Users/amy/Desktop/new_soundhub/audio/bullfrog/data/pos/bullfrog-pos-t-11113588_278.wav,True
/Users/amy/Desktop/new_soundhub/audio/bullfrog/data/pos/bullfrog-pos-t-11113588_316.wav,True
/Users/amy/Desktop/new_soundhub/audio/bullfrog/data/pos/bullfrog-pos-t-11113588_608.wav,True
/Users/amy/Desktop/new_soundhub/audio/bullfrog/data/pos/bullfrog-pos-t-11113588_711.wav,True
/Users/amy/Desktop/new_soundhub/audio/bullfrog/data/pos/bullfrog-pos-t-11113588_356.wav,True
/Users/amy/Desktop/new_soundhub/audio/bullfrog/data/pos/bullfrog-pos-t-11113588_612.wav,True
/Users/amy/Desktop/new_soundhub/audio/bullfrog/data/pos/bullfrog-pos-t-11113588_265.wav,True
/Users/amy/Desktop/new_soundhub/audio/bullfrog/data/pos/bullfrog-pos-t-11113588_351.wav,True
/Users/amy/Desktop/new_soundhub/audio/bullfrog/data/pos/bullfrog-pos-t-11113588_640.wav,True
/Users/amy/Desktop/new_soundhub/audio/bullfrog/data/pos/bullfrog-pos-t-11113588_309.wav,True
/Users/amy/Desktop/new_soundhub/audio/bullfrog/data/pos/bullfrog-pos-t-11113588_329.wav,True
/Users/amy/Desktop/new_soundhub/audio/bullfrog/data/pos/bullfrog-pos-t-11113588_213.wav,True
/Users/amy/Desktop/new_soundhub/audio/bullfrog/data/pos/bullfrog-pos-t-11113588_717.wav,True
/Users/amy/Desktop/new_soundhub/audio/bullfrog/data/pos/bullfrog-pos-t-11113588_187.wav,True
/Users/amy/Desktop/new_soundhub/audio/bullfrog/data/pos/bullfrog-pos-t-11113588_651.wav,True
/Users/amy/Desktop/new_soundhub/audio/bullfrog/data/pos/bullfrog-pos-t-11113588_288.wav,True
/Users/amy/Desktop/new_soundhub/audio/bullfrog/data/pos/bullfrog-pos-t-11113588_372.wav,True
/Users/amy/Desktop/new_soundhub/audio/bullfrog/data/pos/bullfrog-pos-t-11113588_156.wav,True
/Users/amy/Desktop/new_soundhub/audio/bullfrog/data/pos/bullfrog-pos-t-11113588_302.wav,True
/Users/amy/Desktop/new_soundhub/audio/bullfrog/data/pos/bullfrog-pos-t-11113588_178.wav,True
/Users/amy/Desktop/new_soundhub/audio/bullfrog/data/pos/bullfrog-pos-t-11113588_359.wav,True
/Users/amy/Desktop/new_soundhub/audio/bullfrog/data/pos/bullfrog-pos-t-11113588_239.wav,True
/Users/amy/Desktop/new_soundhub/audio/bullfrog/data/pos/bullfrog-pos-t-11113588_431.wav,True
/Users/amy/Desktop/new_soundhub/audio/bullfrog/data/pos/bullfrog-pos-t-11113588_746.wav,True
/Users/amy/Desktop/new_soundhub/audio/bullfrog/data/pos/bullfrog-pos-t-11113588_223.wav,True
/Users/amy/Desktop/new_soundhub/audio/bullfrog/data/pos/bullfrog-pos-t-11113588_675.wav,True
/Users/amy/Desktop/new_soundhub/audio/bullfrog/data/pos/bullfrog-pos-t-11113588_281.wav,True
/Users/amy/Desktop/new_soundhub/audio/bullfrog/data/pos/bullfrog-pos-t-11113588_279.wav,True
/Users/amy/Desktop/new_soundhub/audio/bullfrog/data/pos/bullfrog-pos-t-11113588_236.wav,True
/Users/amy/Desktop/new_soundhub/audio/bullfrog/data/pos/bullfrog-pos-t-11113588_297.wav,True
/Users/amy/Desktop/new_soundhub/audio/bullfrog/data/pos/bullfrog-pos-t-11113588_650.wav,True
/Users/amy/Desktop/new_soundhub/audio/bullfrog/data/pos/bullfrog-pos-t-11113588_648.wav,True
/Users/amy/Desktop/new_soundhub/audio/bullfrog/data/pos/bullfrog-pos-t-11113588_250.wav,True
/Users/amy/Desktop/new_soundhub/audio/bullfrog/data/pos/bullfrog-pos-t-11113588_649.wav,True
/Users/amy/Desktop/new_soundhub/audio/bullfrog/data/pos/bullfrog-pos-t-11113588_373.wav,True
/Users/amy/Desktop/new_soundhub/audio/bullfrog/data/pos/bullfrog-pos-t-11113588_308.wav,True
/Users/amy/Desktop/new_soundhub/audio/bullfrog/data/pos/bullfrog-pos-t-11113588_638.wav,True
/Users/amy/Desktop/new_soundhub/audio/bullfrog/data/pos/bullfrog-pos-t-11113588_253.wav,True
/Users/amy/Desktop/new_soundhub/audio/bullfrog/data/pos/bullfrog-pos-t-11113588_350.wav,True
/Users/amy/Desktop/new_soundhub/audio/bullfrog/data/pos/bullfrog-pos-t-11113588_613.wav,True
/Users/amy/Desktop/new_soundhub/audio/bullfrog/data/pos/bullfrog-pos-t-11113588_617.wav,True
/Users/amy/Desktop/new_soundhub/audio/bullfrog/data/pos/bullfrog-pos-t-11113588_144.wav,True
/Users/amy/Desktop/new_soundhub/audio/bullfrog/data/pos/bullfrog-pos-t-11113588_167.wav,True
/Users/amy/Desktop/new_soundhub/audio/bullfrog/data/pos/bullfrog-pos-t-11113588_432.wav,True
/Users/amy/Desktop/new_soundhub/audio/bullfrog/data/pos/bullfrog-pos-t-11113588_269.wav,True
/Users/amy/Desktop/new_soundhub/audio/bullfrog/data/pos/bullfrog-pos-t-11113588_618.wav,True
/Users/amy/Desktop/new_soundhub/audio/bullfrog/data/pos/bullfrog-pos-t-11113588_414.wav,True
/Users/amy/Desktop/new_soundhub/audio/bullfrog/data/pos/bullfrog-pos-t-11113588_227.wav,True
/Users/amy/Desktop/new_soundhub/audio/bullfrog/data/pos/bullfrog-pos-t-11113588_685.wav,True
/Users/amy/Desktop/new_soundhub/audio/bullfrog/data/pos/bullfrog-pos-t-11113588_153.wav,True
/Users/amy/Desktop/new_soundhub/audio/bullfrog/data/pos/bullfrog-pos-t-11113588_291.wav,True
/Users/amy/Desktop/new_soundhub/audio/bullfrog/data/pos/bullfrog-pos-t-11113588_742.wav,True
/Users/amy/Desktop/new_soundhub/audio/bullfrog/data/pos/bullfrog-pos-t-11113588_673.wav,True
/Users/amy/Desktop/new_soundhub/audio/bullfrog/data/pos/bullfrog-pos-t-11113588_188.wav,True
/Users/amy/Desktop/new_soundhub/audio/bullfrog/data/pos/bullfrog-pos-t-11113588_277.wav,True
/Users/amy/Desktop/new_soundhub/audio/bullfrog/data/pos/bullfrog-pos-t-11113588_275.wav,True
/Users/amy/Desktop/new_soundhub/audio/bullfrog/data/pos/bullfrog-pos-t-11113588_173.wav,True
/Users/amy/Desktop/new_soundhub/audio/bullfrog/data/pos/bullfrog-pos-t-11113588_163.wav,True
/Users/amy/Desktop/new_soundhub/audio/bullfrog/data/pos/bullfrog-pos-t-11113588_166.wav,True
/Users/amy/Desktop/new_soundhub/audio/bullfrog/data/pos/bullfrog-pos-t-11113588_694.wav,True
/Users/amy/Desktop/new_soundhub/audio/bullfrog/data/pos/bullfrog-pos-t-11113588_207.wav,True
/Users/amy/Desktop/new_soundhub/audio/bullfrog/data/pos/bullfrog-pos-t-11113588_745.wav,True
/Users/amy/Desktop/new_soundhub/audio/bullfrog/data/pos/bullfrog-pos-t-11113588_192.wav,True
/Users/amy/Desktop/new_soundhub/audio/bullfrog/data/pos/bullfrog-pos-t-11113588_334.wav,True
/Users/amy/Desktop/new_soundhub/audio/bullfrog/data/pos/bullfrog-pos-t-11113588_342.wav,True
/Users/amy/Desktop/new_soundhub/audio/bullfrog/data/pos/bullfrog-pos-t-11113588_337.wav,True
/Users/amy/Desktop/new_soundhub/audio/bullfrog/data/pos/bullfrog-pos-t-11113588_679.wav,True
/Users/amy/Desktop/new_soundhub/audio/bullfrog/data/pos/bullfrog-pos-t-11113588_678.wav,True
/Users/amy/Desktop/new_soundhub/audio/bullfrog/data/pos/bullfrog-pos-t-11113588_237.wav,True
/Users/amy/Desktop/new_soundhub/audio/bullfrog/data/pos/bullfrog-pos-t-11113588_634.wav,True
/Users/amy/Desktop/new_soundhub/audio/bullfrog/data/pos/bullfrog-pos-t-11113588_624.wav,True
/Users/amy/Desktop/new_soundhub/audio/bullfrog/data/pos/bullfrog-pos-t-11113588_747.wav,True
/Users/amy/Desktop/new_soundhub/audio/bullfrog/data/pos/bullfrog-pos-t-11113588_219.wav,True
/Users/amy/Desktop/new_soundhub/audio/bullfrog/data/pos/bullfrog-pos-t-11113588_296.wav,True
/Users/amy/Desktop/new_soundhub/audio/bullfrog/data/pos/bullfrog-pos-t-11113588_332.wav,True
/Users/amy/Desktop/new_soundhub/audio/bullfrog/data/pos/bullfrog-pos-t-11113588_203.wav,True
/Users/amy/Desktop/new_soundhub/audio/bullfrog/data/pos/bullfrog-pos-t-11113588_283.wav,True
/Users/amy/Desktop/new_soundhub/audio/bullfrog/data/pos/bullfrog-pos-t-11113588_245.wav,True
/Users/amy/Desktop/new_soundhub/audio/bullfrog/data/pos/bullfrog-pos-t-11113588_147.wav,True
/Users/amy/Desktop/new_soundhub/audio/bullfrog/data/pos/bullfrog-pos-t-11113588_338.wav,True
/Users/amy/Desktop/new_soundhub/audio/bullfrog/data/pos/bullfrog-pos-t-11113588_160.wav,True
/Users/amy/Desktop/new_soundhub/audio/bullfrog/data/pos/bullfrog-pos-t-11113588_205.wav,True
/Users/amy/Desktop/new_soundhub/audio/bullfrog/data/pos/bullfrog-pos-t-11113588_148.wav,True
/Users/amy/Desktop/new_soundhub/audio/bullfrog/data/pos/bullfrog-pos-t-11113588_676.wav,True
/Users/amy/Desktop/new_soundhub/audio/bullfrog/data/pos/bullfrog-pos-t-11113588_645.wav,True
/Users/amy/Desktop/new_soundhub/audio/bullfrog/data/pos/bullfrog-pos-t-11113588_603.wav,True
/Users/amy/Desktop/new_soundhub/audio/bullfrog/data/pos/bullfrog-pos-t-11113588_423.wav,True
/Users/amy/Desktop/new_soundhub/audio/bullfrog/data/pos/bullfrog-pos-t-11113588_715.wav,True
